zip,date
32907,Brevard
32940,Brevard
32955,Brevard
32935,Brevard
32780,Brevard
32904,Brevard
32909,Brevard
32937,Brevard
32927,Brevard
32901,Brevard
32953,Brevard
32926,Brevard
32905,Brevard
32952,Brevard
32796,Brevard
32934,Brevard
32922,Brevard
32931,Brevard
32903,Brevard
32908,Brevard
32754,Brevard
32951,Brevard
32976,Brevard
32920,Brevard
32948,Brevard
32950,Brevard
32949,Brevard
32925,Brevard
32782,Brevard
32815,Brevard
32775,Brevard
32781,Brevard
32783,Brevard
32959,Brevard
32899,Brevard
32902,Brevard
32906,Brevard
32911,Brevard
32910,Brevard
32919,Brevard
32912,Brevard
32924,Brevard
32923,Brevard
32932,Brevard
32936,Brevard
32941,Brevard
32954,Brevard
32956,Brevard
40175,2026-02-15
82930,2026-02-15
27103,2026-02-15
78201,2026-02-15
62471,2026-02-15
43235,2026-02-15
07432,2026-02-15
33009,2026-02-15
30223,2026-02-15
93550,2026-02-15
89408,2026-02-15
02907,2026-02-15
92648,2026-02-15
66763,2026-02-15
92078,2026-02-15
64058,2026-02-15
37931,2026-02-15
79241,2026-02-15
28205,2026-02-15
95004,2026-02-15
39443,2026-02-15
74006,2026-02-15
68506,2026-02-15
98512,2026-02-15
95762,2026-02-15
17745,2026-02-15
60560,2026-02-15
70810,2026-02-15
23831,2026-02-15
45154,2026-02-15
60046,2026-02-15
10452,2026-02-15
42629,2026-02-15
00727,2026-02-15
40243,2026-02-15
21053,2026-02-15
33162,2026-02-15
16602,2026-02-15
19013,2026-02-15
95135,2026-02-15
33903,2026-02-15
84109,2026-02-15
96097,2026-02-15
30711,2026-02-15
30531,2026-02-15
19047,2026-02-15
03235,2026-02-15
76442,2026-02-15
32605,2026-02-15
32832,2026-02-15
80016,2026-02-15
95823,2026-02-15
20001,2026-02-15
80204,2026-02-15
12158,2026-02-15
12118,2026-02-15
47630,2026-02-15
23233,2026-02-15
54801,2026-02-15
33321,2026-02-15
70816,2026-02-15
35763,2026-02-15
